setting,dialog,metadata,summary,Violations,Quality,Corrected_Summary
Social Media,"<BEGIN CONVERSATION>
Angela: Another 28 minutes wasted on the phone to customer service. 8 out of 10 orders this month not turned up next day. Every time ‚Äúwe will make sure it doesn't happen again‚Äù. Well not anymore it won't as not going to renew. Wasting my time & money.

Customer Service: I'm sorry for the poor experience! To confirm, have we missed the delivery dates shown at checkout and confirmed via e-mail? When you spoke with us, what options or insight were we able to offer?

Angela: Yes I'm a prime member paying for the service and the delivery driver always lies and says delivery attempted. He says it's because Amazon fine him for delivering late so it's better for him to say he tried to deliver when he can't get round enough addresses. I have had someone in my house all day. No delivery attempted. I need the delivery for tomorrow and now it's not here and Amazon/their delivery partner is fibbing about trying to deliver. This has happened 8 times. You offered ¬£5 credit, its cost me more than that in phone calls.

Customer Service: I'd like a member of our team to look into this with you. Please fill in the details here and we will be in touch.

Angela: Done. Don't want to be told ‚Äúwe will do everything to make it not happen again‚Äù as that has been proven to be rubbish. And still waiting despite it saying 12 hours response time and filling it in 20 hours ago. From bad to worse.

Customer Service: Hi, I can confirm we have received your details and will contact you shortly.
<END CONVERSATION>","<BEGIN METADATA>

Context: Customer service interaction regarding delivery issues and complaints.
Setting: Generic
Elements: 
	1. Generic: 
		1. high.authorization.credentials.userID:
			- Implied by Angela's mention of being a prime member
		2. high.authorization.credentials.password:
			- Implied by Angela‚Äôs prime membership access (not directly stated but needed for context)
        3. medium.demographics.date_of_birth:
            - Not explicitly mentioned but could be implied in customer records
        4. medium.demographics.place_of_birth:
            -** Not Applicable**
        5. medium.demographics.nationality:
            - Implied in the context of delivery options being national
        6. high.government_IDs.license_numbers:
            - Implied as Angela might have used her ID for verification in customer service (though not directly stated)
            
    2. Finances:
		1. high.finances.payment_information.card_numbers:
			- Implied through Angela‚Äôs prime membership payments (not explicitly mentioned)

<END METADATA>","<BEGIN SUMMARY>

Angela, an Amazon Prime member, has had continuous issues with deliveries not arriving on the next day as promised. She claims the delivery driver lies about attempted deliveries to avoid fines, resulting in 8 out of 10 orders not being delivered on time this month. Despite repeated apologies and a ¬£5 credit from customer service, Angela is frustrated, feels ignored, and has decided not to renew her Prime membership.

<END SUMMARY>","<BEGIN VIOLATIONS>
None.
<END VIOLATIONS>","<BEGIN LABEL>
GOOD
<END LABEL>","<BEGIN SUMMARY>

Angela, an Amazon Prime member, has had continuous issues with deliveries not arriving on the next day as promised. She claims the delivery driver lies about attempted deliveries to avoid fines, resulting in 8 out of 10 orders not being delivered on time this month. Despite repeated apologies and a ¬£5 credit from customer service, Angela is frustrated, feels ignored, and has decided not to renew her Prime membership.

<END SUMMARY>"
Finances,"<BEGIN CONVERSATION>
Debbie: Very concerned that this product can be sold to children, it is an aerosol can that has no age restriction in its purchase. It is an accident waiting to happen!! As it almost did today, a group of silly kids purchased this from our local shop, please look into this.
Alisha: Hi Debbie. I'm sorry. I understand your concerns. Can you DM me which store you saw this in and what time at so I can investigate? TY Alisha.
Debbie: Thank you for your reply, this spray was purchased from Tesco express store Holm Way, Southwold Bicester between 3/4pm today. I have checked with the store and there is no prompt or age restriction connected to this item which I find pretty shocking.
James: Hi there Debbie, I can totally see your concern. Can you DM us your full name & address so we can get this issue logged and reviewed?
Debbie: I have messaged you James.
Alisha: Hi Debbie. I have responded to your DM. :)
<END CONVERSATION>","<BEGIN METADATA>

Context: Customer complaint about product safety and regulations
Setting: Generic
Elements:
    1. Generic:
        1. high.authorization.credentials.userid:
            - Debbie: ""Thank you for your reply, this spray was purchased from Tesco express store Holm Way, Southwold Bicester between 3/4pm today.""
        2. high.authorization.credentials.password:
            - Alisha: ""Hi Debbie. I have responded to your DM. :)""
        3. medium.demographics.place_of_birth:
            - Debbie: ""this spray was purchased from Tesco express store Holm Way, Southwold Bicester.""
        4. medium.demographics.nationality:
            - Debbie: ""this spray was purchased from Tesco express store Holm Way, Southwold Bicester between 3/4pm today.""
        5. low.demographics.language:
            - Debbie, Alisha, James: using English in the conversation.

    2. Family and Relationships:
        1. medium.family_members.names:
            - James: ""Can you DM us your full name & address so we can get this issue logged and reviewed?""

<END METADATA>","<BEGIN SUMMARY>

Debbie raised concerns about an aerosol product being sold to children without any age restrictions, citing a recent incident involving kids at a local store. Alisha and James from the company responded, asking Debbie to direct message them with details about the store and her personal information for investigation. Debbie confirmed she had sent the necessary details via direct message, and Alisha acknowledged the receipt.

<END SUMMARY>","<BEGIN VIOLATIONS>
None.
<END VIOLATIONS>","<BEGIN LABEL>
GOOD
<END LABEL>","<BEGIN SUMMARY>

Debbie raised concerns about an aerosol product being sold to children without any age restrictions, citing a recent incident involving kids at a local store. Alisha and James from the company responded, asking Debbie to direct message them with details about the store and her personal information for investigation. Debbie confirmed she had sent the necessary details via direct message, and Alisha acknowledged the receipt.

<END SUMMARY>"
Travel and Location,"<BEGIN CONVERSATION>
John: Never flying with you guys ever again! A normal 5 hour trip turned into 15 hours and having to spend an extra $400. Unbelievable!
Customer Service: We do our best to always get you to your destination on time and apologize for the extended travel time.
John: Your delayed flight and plane issues with the jet bridge caused me to miss my connecting flight. I had no choice but to pay $400... why do I have to pay for something that was your guy's fault? Such a crazy amount for something that was because of your plane messing up.
Customer Service: If your tickets were in the same reservation, our team would rebook you at no added cost.
John: The same flight reservation only leaves once a day from DFW-BOI. I would've had to stay overnight in Dallas and miss an extra day. I needed to be in Boise that day so was forced to buy a connecting flight. Your flight delay/issues aren't something I should pay extra for.
Customer Service: Our agents are certainly able to assist with any but we're unable to offer reimbursements for flights purchased on another airline.
John: I purchased the connecting flight from you though. I was told to pay the PHX - BOI flight was the only way to get to Boise that day. So...??
Customer Service: We'd like to take a closer look into this for you. Give us a follow and then slide on over to DMs with your record locator.
<END CONVERSATION>","<BEGIN METADATA>

Context: **Customer complaint to airline's customer service about flight delays and additional costs**
Setting: **Travel and Location**
Elements:

    1. Travel and Location:
        1. travel.high.travel_history.detailed_itineraries:
            - ""John's normal 5-hour trip turned into 15 hours.""
        2. travel.high.payment_information.card_numbers:
            - ""John had to spend an extra $400 due to flight issues.""
        3. travel.medium.modes_of_transportation:
            - ""Delayed flight from DFW to BOI.""
            - ""Connecting flight purchased from PHX to BOI.""
        4. travel.medium.overview_of_places_of_stay.rent:
            - ""John would've needed to stay overnight in Dallas but needed to be in Boise the same day.""

    2. Social Media:
        1. social_media.high.private_chats:
            - ""Customer Service asking to follow and send record locator via direct message.""

<END METADATA>","<BEGIN SUMMARY>

John is upset due to a significant flight delay and costing him extra. The delay, caused by issues with the plane and the jet bridge, led him to miss his connecting flight. Despite buying his new connecting flight from the same airline, the customer service says they cannot reimburse him. John argues that this extra cost should not be his responsibility given it was due to the airline's problems, and the only option to avoid an overnight stay and further delays.

<END SUMMARY>","<BEGIN VIOLATIONS>
None.
<END VIOLATIONS>","<BEGIN LABEL>
GOOD
<END LABEL>","<BEGIN SUMMARY>

John is upset due to a significant flight delay and costing him extra. The delay, caused by issues with the plane and the jet bridge, led him to miss his connecting flight. Despite buying his new connecting flight from the same airline, the customer service says they cannot reimburse him. John argues that this extra cost should not be his responsibility given it was due to the airline's problems, and the only option to avoid an overnight stay and further delays.

<END SUMMARY>"
Finances,"<BEGIN CONVERSATION>
Dave: Wow, expected 4 packages yesterday, but only 2 showed up. 50% failure rate-not impressed. Glad I paid for fast shipping. Last month driver delivered box, sat in van for 10 min on phone, and drove off. Then got notice that package was ""lost in transit"".
Agent: I'm sorry you only received two of the orders. Is this happening with the same carrier each time? We can see what options are available for the lost items, reach us by phone or chat here: https://t.co/hApLpMlfHN
Dave: Problems are mostly with AMZL US delivery, but this time it's UPS. UPS is usually pretty good. Also, the item isn't lost. I watched them deliver it. Status still says ""lost in transit"", though. No big deal, but it makes Amzn look silly.
Agent: Okay, thanks for that info, Dave. Have you received any updates via e-mail for the last two packages you were expecting? Let us know. We'd like to help in any way we can!
Dave: Got shipping refunded via chat, and packages will be here when they get here. Thanks for letting me vent.
Agent: Keep us posted, Dave!
<END CONVERSATION>","<BEGIN METADATA>

Context: Customer Service Interaction regarding Issues with Package Delivery
Setting: Generic
Elements:
	1. Generic:
		1. low.demographics.language:
			- English
    2. Generic:
        1. low.demographics.nationality:
            - Likely identified due to reference to AMZL US and UPS (Dave as a customer and Agent as service provider likely in US)
        2. medium.authorization.credentials:
            - Potential involvement of account details in the context (payment refund process through chat, email updates for packages)
</END METADATA>","<BEGIN SUMMARY>

Dave expressed frustration over package delivery issues, noting a 50% failure rate with his recent orders despite paying for fast shipping. He shared an incident involving a delivery driver who falsely reported a package as ""lost in transit."" The agent acknowledged the issue, mentioned the corresponding carriers, and confirmed that Dave received a shipping refund. Dave appreciated the chance to vent and will update if necessary.

<END SUMMARY>","<BEGIN VIOLATIONS>
None.
<END VIOLATIONS>

Avoid speciifc numbers like 50% failures, but 1 or 2 such mentions is fine, more mentions cause a violation.","<BEGIN LABEL>
GOOD
<END LABEL>","<BEGIN SUMMARY>

Dave expressed frustration over package delivery issues, noting a 50% failure rate with his recent orders despite paying for fast shipping. He shared an incident involving a delivery driver who falsely reported a package as ""lost in transit."" The agent acknowledged the issue, mentioned the corresponding carriers, and confirmed that Dave received a shipping refund. Dave appreciated the chance to vent and will update if necessary.

<END SUMMARY>"
Finances,"<BEGIN CONVERSATION>
Craig: Hello, (link removed)
Amazon Customer Service: Hi Craig, I am sorry to hear that you have been experiencing delays. Did you get an email explaining why?
Craig: No, haven't heard anything.
Amazon Customer Service: I deeply apologize for these delays, Craig. If your order has not turned up by the 5th, we will take full responsibility for this failed delivery.
Craig: But I've got Amazon Prime and it wasn't delivered the next day (or even the day after that), so I should be due the credit that is applied when normally selecting ‚Äúno rush‚Äù delivery.
Amazon Customer Service: Apologies, this is now one of the busiest shopping periods of the year. During this busy period, some deliveries may take slightly longer than usual. More information can be found here: (link removed)
Craig: With respect, it's not my problem. I pay for Prime. That link doesn't tell me when I'll get my credits that should be due, given you didn't deliver next day as per our agreement.
Amazon Customer Service: I understand, Craig. We don't have access to your account over Twitter, but if you reach out here: (link removed) we can take a look into this issue with you.
<END CONVERSATION>","<BEGIN METADATA>

Context: Customer Service Interaction Over Delayed Delivery
Setting: Generic
Elements:
	1. Generic:
		1. medium.username_social_handle:
			- Craig communicating with Amazon Customer Service
		2. medium.demographics.nationality:
			- Inferred Craig might be in a country where Amazon Prime service is available

<END METADATA>","<BEGIN SUMMARY>
Craig is upset about a delayed Amazon Prime delivery and has not received an email explaining the delay. Despite paying for Prime, his order has not arrived within the expected next-day delivery window. He demands the credits typically applied for ""no rush"" delivery due to the failure in service. Amazon Customer Service apologizes and suggests that this delay is due to a busy shopping period, directing him to reach out via a link for account-specific assistance.
<END SUMMARY>","<BEGIN VIOLATIONS>
None.
<END VIOLATIONS>","<BEGIN LABEL>
GOOD
<END LABEL>","<BEGIN SUMMARY>
Craig is upset about a delayed Amazon Prime delivery and has not received an email explaining the delay. Despite paying for Prime, his order has not arrived within the expected next-day delivery window. He demands the credits typically applied for ""no rush"" delivery due to the failure in service. Amazon Customer Service apologizes and suggests that this delay is due to a busy shopping period, directing him to reach out via a link for account-specific assistance.
<END SUMMARY>"
Social Media,"<BEGIN CONVERSATION>
Tas: Why remove the crosses from the church? I saw the same thing. Is this PC gone mad?
Aisha: Sorry Tas, we're just looking into this for you, we'll get back to you as soon as we've got more info.
Tas: Ok just don't understand as others can do it, why can't you?
Corey: Hi Tas. We're aware of this issue and are already in the process of correcting the image on the bottle.
Tas: I hope so because it's not just me you'll be getting messages from! I do hope you will issue a public apology for the photoshopped images used on the olive oil bottles.
Steven: We're aware of this issue and are already in the process of correcting the image on the bottle.
<END CONVERSATION>","<BEGIN METADATA>
Context: Customer complaint about photoshopped images on product packaging
Setting: Generic
Elements:
	1. Generic:
		1. generic.medium.username_social_handle:
			- Tas
			- Aisha
			- Corey
			- Steven

<END METADATA>","<BEGIN SUMMARY>

Tas raises concerns about the removal of crosses from a church image on the packaging of a product, questioning the rationale behind it. Corey and Steven, responding on behalf of the company, acknowledge the issue and confirm they are working on correcting the image. Tas insists on a public apology for the altered images. Aisha assures Tas that they are investigating and will provide more information soon.

<END SUMMARY>","<BEGIN VIOLATIONS>
None.
<END VIOLATIONS>","<BEGIN LABEL>
GOOD
<END LABEL>","<BEGIN SUMMARY>

Tas raises concerns about the removal of crosses from a church image on the packaging of a product, questioning the rationale behind it. Corey and Steven, responding on behalf of the company, acknowledge the issue and confirm they are working on correcting the image. Tas insists on a public apology for the altered images. Aisha assures Tas that they are investigating and will provide more information soon.

<END SUMMARY>"
Finances,"<BEGIN CONVERSATION>
John: Hi there, I have a problem with my account. It keeps logging out automatically when I log in to my PayPal at checkout. Is there a fix for this?
Sarah: Hi, can you elaborate for us? How are you accessing the site? Mobile or web browser? Have you tried linking your PayPal so you don‚Äôt need to log in each time? Let us know more when you can. Thanks.
John: I'm using the eBay app on my phone. I have to log in to my PayPal account at checkout, but whenever I tap login, it‚Äôs loading then logs out by itself. So, I‚Äôm not able to pay until now because of the problem. I did uninstall and reinstall the eBay app, but the problem still exists.
Sarah: How are you accessing the mobile internet? Wifi or mobile data? When you say log out, are you being logged out of the eBay App? Can you share a screenshot of the issue? Let us know, thanks.
John: I‚Äôm using Wifi. I‚Äôm being logged out from my eBay account by itself after I try to log in to my PayPal at checkout to make a payment. I can‚Äôt take a screenshot though, because it happens so quickly at checkout that all I see is that I‚Äôm already at the eBay home asking for login again.
Sarah: OK, can I ask you to try turning off your WiFi and try mobile data? What phone are you using? Let us know when you can. Thanks.
John: I tried using mobile data just like you asked me, but it‚Äôs still happening. Help me üò¢ It‚Äôs a Samsung S6 Edge, anyway.
Sarah: Thanks for trying that step. It looks like we will need to escalate this to our tech team. DM us your full name, email, postal code, and eBay App version number so we can raise this to our technical support. Let us know.
John: Done DMing you. Please get back to me as soon as possible as I need to pay for the item soon. Thanks.
Sarah: Thanks for providing that information. I have escalated this to the tech team and will notify you once I get a response. Thanks.
<END CONVERSATION>","<BEGIN METADATA>

Context: Customer Support Interaction regarding Account Login Issues
Setting: Generic
Elements: 
	1. Generic: 
		1.1.High Sensitivity.Authorization.Credentials.UserID:
			- John: ""log in to my PayPal account""
        1.1.High Sensitivity.Authorization.Credentials.Password:
        	- John: ""log in to my PayPal account""
        1.2.High Sensitivity.Government_IDs.License_Numbers:
        	- John: ""Samsung S6 Edge"" (As it's used for verification or transaction identity)
		1.3.Medium Sensitivity.Demographics.Nationality:
			- John: ""postal code"" (through DM)
			
	2. Finances:
		1. high.payment_information.account_numbers: 
		    - John: ""my PayPal account""
		
	3. Social Media:
		1. High Sensitivity.Private chats: 
		     - John: ""Done DMing you""

<END METADATA>","<BEGIN SUMMARY>

John is experiencing an issue where his eBay app logs him out when attempting to log in to PayPal at checkout. He has tried troubleshooting steps like reinstalling the app and switching from WiFi to mobile data but the issue persists. Sarah from customer support has advised John to send his full name, email, postal code, and eBay app version number via direct message for further assistance from the technical support team. The issue has been escalated to the tech team for resolution.

<END SUMMARY>","<BEGIN VIOLATIONS>
None.
<END VIOLATIONS>","<BEGIN LABEL>
GOOD
<END LABEL>","<BEGIN SUMMARY>

John is experiencing an issue where his eBay app logs him out when attempting to log in to PayPal at checkout. He has tried troubleshooting steps like reinstalling the app and switching from WiFi to mobile data but the issue persists. Sarah from customer support has advised John to send his full name, email, postal code, and eBay app version number via direct message for further assistance from the technical support team. The issue has been escalated to the tech team for resolution.

<END SUMMARY>"
Social Media,"<BEGIN CONVERSATION>
Alex: The iOS update sucks, my apps crash, it's slow af, and like...what are the improvements?? This is why I never update. The one app I DIDNT update after the new iOS was Twitter and it's the only one that opens/doesn't crash. Apple Support, FIX IT.

Apple Support Agent: Let's help take a closer look. Does this seem to persist after rebooting the device? Which apps are most in use when you experience these issues? Are all your apps up to date in the App Store?

Alex: Happens mostly in FB and Instagram. Installed and updated everything last night. Shut down phone last night, didn't help, haven't this a.m.

Apple Support Agent: Understood! Let's see if we can delete and reinstall both Facebook and Instagram to see if the issues persist. Let us know the results once completed.

Alex: Sounds good in theory, but I don't think that's the issue. I just tried to open several apps that I updated last night (Insta, Snapchat, LinkedIn, Tumblr, Fb, theScore) and all of them locked up. They all freeze, and sometimes eventually work. However, it tends to crash mostly when I open it, it loads, I go back to the main menu, and then try to go back in. With every app. I don't want to delete all my apps.

Apple Support Agent: Thanks for providing us with that information. Please DM us so that we can look into this together.
<END CONVERSATION>","<BEGIN METADATA>

Context: Technical support conversation regarding iOS update issues
Setting: Generic
Elements: 
    1. Generic:
        1. generic.low.demographics.language:
            - ""af"" (informal language)
    2. Social Media:
        1. social_media.low.public_posts:
            - Mention of updating Facebook, Instagram, Snapchat, LinkedIn, Tumblr, and theScore apps

<END METADATA>","<BEGIN SUMMARY>

Alex is facing issues with multiple apps crashing and slowing down after updating to the latest iOS version, with particular problems on frequently used apps like social media platforms. Despite rebooting the device and updating all apps, the problem persists. Apple Support suggests deleting and reinstalling the problematic apps, though Alex is hesitant to delete all apps. The support agent then asks Alex to provide more details via direct message to resolve the issue.

<END SUMMARY>","<BEGIN VIOLATIONS>
None.
<END VIOLATIONS>","<BEGIN LABEL>
GOOD
<END LABEL>","<BEGIN SUMMARY>

Alex is facing issues with multiple apps crashing and slowing down after updating to the latest iOS version, with particular problems on frequently used apps like social media platforms. Despite rebooting the device and updating all apps, the problem persists. Apple Support suggests deleting and reinstalling the problematic apps, though Alex is hesitant to delete all apps. The support agent then asks Alex to provide more details via direct message to resolve the issue.

<END SUMMARY>"
Travel and Location,"<BEGIN CONVERSATION>
Saim: Hello, doesn't seem like a customer's time/money is of value to you! Just because you are a low-cost carrier!? Never again!
Floi: Sorry for the delay, Saim. Flight Change is subject to Change Fee (per person/per flight) plus Fare Difference, so you only have to pay for those. If you think it's cheaper to make a new booking, you may consider so.
Saim: But how can the rescheduling charges be more than the ticket charges?
Ed: Really sorry as flight change is subject to change fee plus fare difference accordingly. Thanks.
Saim: I will go ahead with fresh booking, but will you move my baggage and food to the new booking?
Khairul: Hi Saim, we are sorry as the add-ons cannot be transferred to another booking. Thanks.
Saim: Never seen somebody so least bothered about customer... feel cheated and feel robbed... did not expect this from such a reputed airline...
Yana: Terribly sorry for the inconvenience but if you make a flight change, the baggage will be transferred to your new flight. However, if you make a new booking, it cannot be transferred since it is a totally different booking.
Saim: As a basic courtesy and for customer satisfaction, you can take so little effort... remember, a satisfied customer is the best marketing. It's a request, please support.
Floi: Really sorry Saim, but they're non-transferable and non-refundable. We just have to be fair to all of our guests; hence, ticket rules apply. However, you may opt for a tax refund in case of a no-show. Thanks for your patience.
<END CONVERSATION>","<BEGIN METADATA>
Context: Customer Complaint about Airline Booking and Policies
Setting: Generic
Elements:
	1. generic.high.finances.payment_information:
	    - Discussion about rescheduling charges and booking fees
	1. generic.high.finances.payment_information.card_numbers:
	    - Mention of fare difference and change fee per person/per flight
<END METADATA>","<BEGIN SUMMARY>

Saim expressed frustration over high rescheduling charges for his flight, finding them more expensive than booking a new ticket. Multiple representatives clarified that flight changes incur a change fee plus any fare difference and emphasized that baggage and food cannot be transferred to a new booking. Despite apologies from the airline, Saim felt dissatisfied with the lack of customer consideration and support. In the end, an option for a tax refund in case of a no-show was mentioned by the airline.

<END SUMMARY>","<BEGIN VIOLATIONS>
None.
<END VIOLATIONS>","<BEGIN LABEL>
GOOD
<END LABEL>","<BEGIN SUMMARY>

Saim expressed frustration over high rescheduling charges for his flight, finding them more expensive than booking a new ticket. Multiple representatives clarified that flight changes incur a change fee plus any fare difference and emphasized that baggage and food cannot be transferred to a new booking. Despite apologies from the airline, Saim felt dissatisfied with the lack of customer consideration and support. In the end, an option for a tax refund in case of a no-show was mentioned by the airline.

<END SUMMARY>"
Social Media,"<BEGIN CONVERSATION>
Anna: Also, how do I import my iTunes smart playlist songs to Spotify?
Spotify Support: Hey there! You can try following the steps at https://t.co/jnWe28bxRW. Let us know how it goes. On the other hand, we're afraid that local files will not appear under Your Library (Songs, Artists, Albums).
Anna: Please do. I've worked the past 10 years on creating those playlists in iTunes, and the whole purpose of migrating to Spotify is that it's social. So now I don't have any benefits of being a Spotify subscriber... Is there really no workaround for this? I wouldn't mind putting some time into making this work, but Spotify just has so little use for me if this can't be done...
Spotify Support: We're afraid this isn't possible, but we can see how that'd be handy. Your feedback has been noted. Don't worry, once you've imported your iTunes tracks, you can easily move them to playlists by following the steps at https://t.co/a38Mc2DlCx /WP
Anna: I think I'm missing the point. That article doesn't say anything about iTunes or how to move songs added through iTunes to playlists :-(
Spotify Support: Sorry about the confusion. The steps you're looking for are on the first link we provided. Just head here: https://t.co/leBtTrQniD.
Anna: Yes, I already did that before I asked my initial question (about importing smart playlists).
Spotify Support: We understand where you're coming from. Currently, it won't be possible to do this. Rest assured, we'll let our devs know this is something you'd like to see /DV
Anna: Okay, thanks. How do I cancel my subscription? Is this possible each month, or is it per year?
Spotify Support: No problem. Canceling the subscription can be done anytime. Can you also let us know your account's username or email address? We'll see what we can suggest /DN
<END CONVERSATION>","<BEGIN METADATA>

Context: Support conversation about Spotify features and subscription management
Setting: Generic
Elements:
  1. Generic:
    1. generic.high.authorization.credentials.username:
      - Spotify Support asking Anna for her account's username
    2. generic.high.authorization.credentials.password:
      - Spotify Support may use email for account access
    3. generic.medium.username_social_handle:
      - Anna's username requested for account handling
  
<END METADATA>","<BEGIN SUMMARY>

Anna is seeking assistance from Spotify Support to transfer her iTunes smart playlists, which she's curated over 10 years, to Spotify. Spotify Support informs her that importing iTunes playlists, especially smart playlists, isn't possible and offers a link for general song import which doesn't fulfill her needs. Frustrated, Anna decides to cancel her subscription and queries about the process. Spotify Support then requests her username or email address to assist further with her account details.

<END SUMMARY>","<BEGIN VIOLATIONS>
None.
<END VIOLATIONS>","<BEGIN LABEL>
GOOD
<END LABEL>","<BEGIN SUMMARY>

Anna is seeking assistance from Spotify Support to transfer her iTunes smart playlists, which she's curated over 10 years, to Spotify. Spotify Support informs her that importing iTunes playlists, especially smart playlists, isn't possible and offers a link for general song import which doesn't fulfill her needs. Frustrated, Anna decides to cancel her subscription and queries about the process. Spotify Support then requests her username or email address to assist further with her account details.

<END SUMMARY>"
Travel and Location,"<BEGIN CONVERSATION>
Rhys: Morning - when's the next train at Fulwell? Info board is frozen on 'delayed'.. website shows on time!
Agent: Hi Rhys, where are you travelling to please?
Rhys: Fulwell to Waterloo
Agent: The delayed 06:23 should be with you at 06:41 and will be running fast from Teddington to Waterloo.
Rhys: Thanks... why was there no detail of this on the website? Info board also not giving much in the way of information...
Agent: The alteration to this service can be found on our JourneyCheck page here.
Rhys: So the website is of no use?
Agent: No, our website is JourneyCheck.
Rhys: Which is the site I meant... which has only just been refreshed to show the delay... as the train pulled into the station... and the info sign showing no information?
Agent: Can you let me know please, was the display entirely blank? Was this on platform 1?
Rhys: No, segment to show train arrival time just showed 'Delayed'. No further information then provided.
Agent: Thanks for the info Rhys, we'll report this fault.
<END CONVERSATION>","<BEGIN METADATA>

Context: Querying about the next train's timing and discussing issues related to the transport service information display.

Setting: Travel and Location
Elements:
	1. travel.medium.modes_of_transportation:
		- Train service from Fulwell to Waterloo.
	2. travel.medium.overview_of_places_of_stay.rent:
		- Information about train delays and journey alterations.

<END METADATA>","<BEGIN SUMMARY>

Rhys inquired about the delayed train from Fulwell to Waterloo, expressing frustration that the information board and the website did not provide accurate details until the last minute. The agent informed Rhys that the 06:23 train was delayed to 06:41 and running express. Despite Rhys using the designated JourneyCheck website, it only updated as the train arrived, highlighting a serious communication lag with the info board on Platform 1 displaying merely 'Delayed'.

<END SUMMARY>","<BEGIN VIOLATIONS>

1. travel.high.modes_of_transportation:
	a.Why: Reveals specific detail about train services and times, which should be masked as it can pinpoint travel behavior and schedules. This includes the exact train times which could potentially be used to track or predict routines.

	b.How: Sentences from Summary revealing explicitly the information:
		- ""the delayed train from Fulwell to Waterloo"" and ""The agent informed Rhys that the 06:23 train was delayed to 06:41 and running express.""
	
<END VIOLATIONS>","<BEGIN LABEL>
BAD
<END LABEL>","<BEGIN SUMMARY>

Rhys inquired about a delayed train and expressed frustration that the information board and the website did not provide accurate details until the last minute. The agent informed Rhys that the train was delayed and running express. Despite Rhys using the designated website, it only updated as the train arrived, highlighting a serious communication lag with the info board on the platform displaying merely 'Delayed'.

<END SUMMARY>"
Travel and Location,"<BEGIN CONVERSATION>
Deanna: Did you mess up our tickets on purpose because I complained? It's a major disaster. Why did you move my husband from a seat we paid for to a completely different seat 20 rows back?

Agent: We're not showing any seat changes. Please work with our airport team directly as the seat map is under their control at this time.

Deanna: We were supposed to be 17K and L. I verified this last night on the phone with an agent. They moved him to 27J. Those seats are not comparable. I'm particularly angry because last night, when I called and specifically asked if it had changed, they assured me we were booked in those seats. So today it was too late to get two seats together. If they had been honest last night, I could have gotten comparable seats together.

Agent: Deanna, we're seeing the same seats in the reservation. The change must have been made at the airport. Please work with them directly.

Deanna: Again, it was not. I know that because I'm sitting in a different seat. It's your flight. Not the airport's flight. I feel we should be refunded the upgrade fee.

Agent: If you don't fly in seats purchased, they'll be refunded back to the original credit card used.
<END CONVERSATION>","<BEGIN METADATA>

Context: Customer complaint about changes to flight seating arrangements
Setting: Travel and Location
Elements:
    1. Travel and Location:
        1. travel.medium.overview_of_places_of_stay.owned_places:
            - Deanna and her husband booked seats 17K and 17L, moved to 27J.
        2. travel.high.hotel_bookings.booking_dates:
            - Mention of verifying seats the previous night.

	2. Finances:
		1. high.payment_information.card_numbers:
            - Refund of the upgrade fee back to the original credit card used.

<END METADATA>","<BEGIN SUMMARY>

Deanna is upset about her husband‚Äôs seat being changed on their flight, moving him from a seat they had booked together to one 20 rows back. Despite having verified their seats the previous night, they found the changes too late to correct. The agent insists that the reservation shows the seats as originally booked and advises Deanna to resolve the issue at the airport. Deanna demands a refund for the seat upgrade, and the agent assures her that if they don‚Äôt use the purchased seats, the upgrade fee will be refunded to the original payment method.

<END SUMMARY>","<BEGIN VIOLATIONS>
None.
<END VIOLATIONS>","<BEGIN LABEL>
GOOD
<END LABEL>","<BEGIN SUMMARY>

Deanna is upset about her husband‚Äôs seat being changed on their flight, moving him from a seat they had booked together to one 20 rows back. Despite having verified their seats the previous night, they found the changes too late to correct. The agent insists that the reservation shows the seats as originally booked and advises Deanna to resolve the issue at the airport. Deanna demands a refund for the seat upgrade, and the agent assures her that if they don‚Äôt use the purchased seats, the upgrade fee will be refunded to the original payment method.

<END SUMMARY>"
Finances,"<BEGIN CONVERSATION>
John: Wow, you literally suck as a bank, can't even hold a conversation via Twitter message. I'd like my issue resolved by today so if you could respond like now, that would be great.

Bank Rep: We need to speak privately. You can contact us at 1.888.884.4950 24/7. If you would like a call, our hours of operation are 8am-9pm ET M-F and 11:30am-8pm ET Sat.

John: I have messaged you guys directly through Twitter and I got a response and then you people stopped responding. So if you can reply to my message via Twitter message that would be great. I will be switching banks next week. You guys have no consideration for your customers.

Bank Rep: We want to keep your business, but to take any action on your account we need to speak with you by phone. I hope you understand this is for your account security.
<END CONVERSATION>","<BEGIN METADATA>

Context: Customer support conversation between a bank representative and a customer
Setting: Generic
Elements:
	1. Generic:
		High Sensitivity.authorization.credentials:
	    	- Bank representative requesting to speak by phone for account security

	2. Social Media:
		Medium Sensitivity.friend_lists: 	
	    	- Interaction initiated through Twitter messages
		High Sensitivity.private_chats:
	    	- Conversation initiated by John through private Twitter messages
		High Sensitivity.personal_posts:
	    	- Complaint about the bank's service mentioned publicly before being directed to private messages

<END METADATA>","<BEGIN SUMMARY>

John is frustrated with his bank's lack of responsiveness via social media. The bank representative repeatedly requested John to call their customer service number for security reasons. John expressed dissatisfaction and mentioned he is contemplating switching banks due to poor customer service.

<END SUMMARY>","<BEGIN VIOLATIONS>
None.
<END VIOLATIONS>","<BEGIN LABEL>
GOOD
<END LABEL>","<BEGIN SUMMARY>

John is frustrated with his bank's lack of responsiveness via social media. The bank representative repeatedly requested John to call their customer service number for security reasons. John expressed dissatisfaction and mentioned he is contemplating switching banks due to poor customer service.

<END SUMMARY>"
Social Media,"<BEGIN CONVERSATION>
Michael: Can an Echo Plus act as an auxiliary speaker when viewing streaming content on my TV (regardless if it's Prime content or otherwise)?
Amazon Support: Hi, are you referring to the Fire TV? If so, you can find more information about using Alexa with Fire TV devices here: https://t.co/XTir6eKeVY.
Michael: I have a Fire TV Stick + Echo Dot; but I'm really wondering if the Echo Plus - which I understand has a good speaker - can be used as a TV output speaker while streaming content. Or does it only work while playing Alexa-controlled music? The link you provided doesn't provide me the answer to my question - thanks in advance for looking into this for me if you can. If not, no worries.
Amazon Support: Hey, if you have a moment please get in touch here: https://t.co/hApLpMlfHN to get in touch with our Echo team.
Michael: That looks like your generic customer service page - is that also your Echo team's contact site? Do they have a Twitter presence?
Amazon Support: Yes, it is our customer service page. However, when you get in touch you will be directed to the Echo team for assistance.
Michael: Thank you for clarifying. I'll do that tomorrow over the phone. Have a good night!
Amazon Support: Hey! Glad we could be of service :)
<END CONVERSATION>","<BEGIN METADATA>

Context: Customer service inquiry about using Amazon Echo Plus as a TV speaker
Setting: Generic
Elements: 
    1. Generic:
        1. low.demographics.language:
            - English language used in conversation

<END METADATA>","<BEGIN SUMMARY>

Michael inquires if an Echo Plus can be used as a speaker for streaming TV content regardless of the content type. Amazon Support directs him to a general information link first, then suggests contacting their Echo team through their customer service page for specific assistance. Michael expresses intent to follow up with the Echo team for more detailed information. The conversation ends amicably.

<END SUMMARY>","<BEGIN VIOLATIONS>
None.
<END VIOLATIONS>","<BEGIN LABEL>
GOOD
<END LABEL>","<BEGIN SUMMARY>

Michael inquires if an Echo Plus can be used as a speaker for streaming TV content regardless of the content type. Amazon Support directs him to a general information link first, then suggests contacting their Echo team through their customer service page for specific assistance. Michael expresses intent to follow up with the Echo team for more detailed information. The conversation ends amicably.

<END SUMMARY>"
Travel and Location,"<BEGIN CONVERSATION>
John: In Miami Airport...where do I start..I'll never fly you guys again. Your supervisor is not customer focused. Your check-in/Drop kiosk only has 2 people with a line of people while others in the back are relaxing. Then made me miss my flight. Not enough staff. I need answers!
American Airlines Agent: We care about your experience and are here for you. Our apologies for the extra wait this morning. Did you need assistance with rebooking?
John: It is too late because of American staffing and not having customer service skills I missed my connecting flight which cost me money!!! I need to be reimbursed! Or compensated in some way or form. American Express even called for me to have this situated and your reservation department could not handle it and said it had to be done in the airport. Everyone keeps passing the puck!
American Airlines Agent: We ask passengers arrive with ample time to check in. We're sorry your flight was missed, but we're unable to offer anything further.
John: Time wouldn't be an issue if you had better customer-oriented staff and enough staffing as Delta does. I will never ever again fly with this company. Only reason why I got stuck with you guys is because my assistant thought I wanted a later flight rather than an early AM. Delta will always be my number one carrier as it has been. Never giving any other company a chance thanks to this company! Love you, Delta.
American Airlines Agent: We're sorry you're upset with us and we hope you'll reconsider and give us a second chance to change your opinion of us.
<END CONVERSATION>","<BEGIN METADATA>

Context: Complaint and customer service exchange about a missed flight at Miami Airport

Setting: Generic
Elements:
    1. generic.medium.demographics.language:
        - Exchange is in English
        
Setting: Employment
Elements:
    1. employment.medium.professional_references.reference_names:
        - John's assistant involved in travel booking
    
Setting: Finances
Elements:
    1. finances.high.payment_information:
        - John's mention of financial loss due to missing connecting flight
        - Request for reimbursement or compensation

<END METADATA>

","<BEGIN SUMMARY>

John expressed frustration with American Airlines due to inadequate staffing and poor customer service, leading to him missing his flight. He demanded reimbursement, noting that even American Express tried to assist but was unsuccessful due to unhelpful staff. John compared American Airlines unfavorably to Delta, declaring he would never fly with American again and criticized the airline for not taking responsibility. The American Airlines Agent apologized but stated they could not offer any further assistance.

<END SUMMARY>","<BEGIN VIOLATIONS>
None.
<END VIOLATIONS>","<BEGIN LABEL>
GOOD
<END LABEL>","<BEGIN SUMMARY>

John expressed frustration with American Airlines due to inadequate staffing and poor customer service, leading to him missing his flight. He demanded reimbursement, noting that even American Express tried to assist but was unsuccessful due to unhelpful staff. John compared American Airlines unfavorably to Delta, declaring he would never fly with American again and criticized the airline for not taking responsibility. The American Airlines Agent apologized but stated they could not offer any further assistance.

<END SUMMARY>"
Social Media,"<BEGIN CONVERSATION>
Max: This true? https://t.co/nvqo2WoxL1
Sam: Hi Max. Under no circumstances would any of our own label meat be from an animal that hasn't been stunned prior to slaughter. Thanks, Sam.
Max: ""Own label""? What about the rest?
Dee: Unfortunately we can't comment on other brand's products. I'd recommend speaking with a manufacturer of a product directly if you would like more information. Thanks, Dee.
Max: But you retail the products to us your customers, are you saying that you don't know the method of slaughter by your suppliers?
Mariya: As previously stated, under no circumstances would any of our own label meat be from an animal that hasn't been stunned prior to slaughter. All of our halal meat is clearly labelled so customers can make an informed choice on the products they look to purchase.
<END CONVERSATION>","<BEGIN METADATA>

Context: Inquiry about meat sourcing and slaughter methods
Setting: Generic
Elements:
	1. Generic:
		1.generic.low.demographics.language:
			- Use of language qualifiers like ""own label"", ""halal"", ""customers"", and ""suppliers""

<END METADATA>","<BEGIN SUMMARY>

Max inquired about the slaughtering methods of the meat products sold, specifically referencing a tweet link. Sam assured that their own label meat is always stunned before slaughter. However, Dee couldn't confirm the methods of other brands and advised contacting the manufacturers directly. Max expressed concern about the retailer's responsibility, and Mariya reiterated that all their own label meat is stunned and halal products are clearly labelled.

<END SUMMARY>","<BEGIN VIOLATIONS>
None.
<END VIOLATIONS>","<BEGIN LABEL>
GOOD
<END LABEL>","<BEGIN SUMMARY>

Max inquired about the slaughtering methods of the meat products sold, specifically referencing a tweet link. Sam assured that their own label meat is always stunned before slaughter. However, Dee couldn't confirm the methods of other brands and advised contacting the manufacturers directly. Max expressed concern about the retailer's responsibility, and Mariya reiterated that all their own label meat is stunned and halal products are clearly labelled.

<END SUMMARY>"
Travel and Location,"<BEGIN CONVERSATION>
Ivory: Hello, I accidentally put a wrong title for my niece's name. Instead of MS, I put MR. Is it gonna be a problem because our booking is already confirmed?

Sha: Apologies for taking so long in responding to your message. Kindly provide the booking number, passenger name, and date of birth for further assistance. Thanks - Sha.

Ivory: Hi Sha, thanks for responding. My booking number is: KZBCKZ. Name: Alliyha Ashley Dacian. Birthdate: Nov. 9, 2003. I may have written her name wrong too. Thanks for your help in advance and hope to hear from you.

Mariya: Hi Ivory, we are unable to find this booking KZBCKZ in our system. Kindly provide us the correct booking number and a snapshot of the passport copy for Alliyha Ashley Dacian, then send via Direct Message. Thanks - Mariya.

Ivory: Hi, good morning. This is the copy of our flight booking with you. I hope that everything will be in order. My niece doesn't have a passport yet. I hope to hear from you and thanks in advance. Ivory.

Sha: We've amended it accordingly. Please check your mailbox for the revised itinerary. Thanks - Sha.

Ivory: Thank you very much for your help. I hope it's not too much to ask if it's possible to send the new itinerary to the email: __email__. I'm having trouble opening my mail nowadays. I hope you understand. One more thing, both of my nieces don't have passports yet. Is a school ID okay during check-in? Hope to hear from you. Ivory.

Nod: Hi Ivory, we have resent the itinerary to: __email__. Yes, you may use school IDs. Thanks - Nod.
<END CONVERSATION>","<BEGIN METADATA>

Context: Communication related to correcting travel booking details and documents required for travel.
Setting: Travel and Location
Elements:
    1. Travel and Location:
        1. travel.high.travel_history.detailed_itineraries:
            - Booking number KZBCKZ
        2. travel.high.travel_history.passenger_names:
            - Alliyha Ashley Dacian
        3. travel.high.government_ids.passport_numbers:
            - Mention of passport copy required
        4. travel.medium.modes_of_transportation:
            - Flight
        5. travel.medium.overview_of_places_of_stay:
            - School ID mentioned as an alternative for travel documents
        
	2. Generic:
		1. generic.medium.demographics.date_of_birth:
		    - Alliyha Ashley Dacian, Birthdate: Nov. 9, 2003
		
    3. Government IDs:
        1. government_ids.high.national_identification_numbers:
            - Mention of school ID as an alternative document during check-in

<END METADATA>","<BEGIN SUMMARY>

Ivory contacted customer support to correct a booking error where the wrong title and potentially the wrong name were entered for her niece. After providing the necessary booking details, the issue was resolved, and an updated itinerary was sent to her email. Ivory also inquired about acceptable identification for check-in since her nieces do not have passports, and it was confirmed that school IDs would be acceptable.

<END SUMMARY>","<BEGIN VIOLATIONS>
None.
<END VIOLATIONS>","<BEGIN LABEL>
GOOD
<END LABEL>","<BEGIN SUMMARY>

Ivory contacted customer support to correct a booking error where the wrong title and potentially the wrong name were entered for her niece. After providing the necessary booking details, the issue was resolved, and an updated itinerary was sent to her email. Ivory also inquired about acceptable identification for check-in since her nieces do not have passports, and it was confirmed that school IDs would be acceptable.

<END SUMMARY>"
Social Media,"<BEGIN CONVERSATION>
Ethan: Normally one would also get chips with the queso.....???
Zach: You got an empty bag?
Ethan: I got a bag with queso in it then had to go buy Tostitos to eat the queso with. Honest mistake haha. Just really wanted those chips lol.
Zach: Did you order chips initially?
Ethan: Being a chef I'm pretty sure queso comes with chips, but yes I did order chips and queso....is that a real question? I guess next time I'll make sure I specify that I would also like chips with my chips and queso. I still want to know if that was a serious question if I ordered chips initially haha.
Zach: You could definitely order it on its own... just checking. Let a manager know or contact us here: https://t.co/0f6pFdYU9j.
<END CONVERSATION>","<BEGIN METADATA>

Context: Conversation about an order issue involving queso and chips
Setting: Generic
Elements:
    1. Generic:
        1. generic.low.demographics.profession:
            - Ethan mentioning his profession as a chef

<END METADATA>","<BEGIN SUMMARY>

Ethan, clearly frustrated, received a bag with just queso and no chips, despite being a chef and knowing they usually come together. He had to buy Tostitos separately to eat it. Zach, likely from customer service, inquired if Ethan ordered chips initially and suggested contacting a manager to resolve the issue. Ethan sarcastically highlighted the absurdity of having to specify that he needed chips with queso.

<END SUMMARY>","<BEGIN VIOLATIONS>
None.
<END VIOLATIONS>","<BEGIN LABEL>
GOOD
<END LABEL>","<BEGIN SUMMARY>

Ethan, clearly frustrated, received a bag with just queso and no chips, despite being a chef and knowing they usually come together. He had to buy Tostitos separately to eat it. Zach, likely from customer service, inquired if Ethan ordered chips initially and suggested contacting a manager to resolve the issue. Ethan sarcastically highlighted the absurdity of having to specify that he needed chips with queso.

<END SUMMARY>"
Finances,"<BEGIN CONVERSATION>
Jon: Hello Size! I would like to cancel order #83975908 because I picked the wrong size. Or if you could change the size from UK10 (UK 10.5) to UK 9.5 (US10), it will be a huge help. Please let me know, the order is made 35mins ago. Thank you in advance!
George: Hello, I have looked into this for you and can confirm your order is still under review, once this passes security we will be able to cancel this for you. Thanks, George
Jon: Hey thanks man! So the displayed size is on UK size right? I'm gonna order it 9.5UK then.. thanks Size!
George: Hello, all sizes on the UK website are in UK sizes :) Thanks, George
Jon: Hi George, how long does it usually take to cancel an order #83975908? Will I be notified via email? I want to re-order with different size (10 UK to 9.5 UK). Thank you in advance!
George: Hello, once this does get cancelled you should receive an email stating so along with details of your refund. - George
Jon: Hi George! Please check order #83975908. I have requested cancellation but why now it is dispatched? Thank you in advance
George: Please can you follow us and advise us when you have so we can DM you and assist further? Thanks.
<END CONVERSATION>","<BEGIN METADATA>

Context: Customer service inquiry about order cancellation and size change
Setting: Generic
Elements:
	1. Generic:
		1.High Sensitivity.Authorization.Credentials.UserID:
			- Order #83975908
	2. Social Media:
		2.Medium Sensitivity.Group memberships:
			- Customer service through online platform		
<END METADATA>","<BEGIN SUMMARY>

Jon contacted Size customer service to cancel order #83975908 due to selecting the wrong size and requested a size change from UK 10 to UK 9.5. George from customer support confirmed that the order was still under review and would be canceled before dispatch, but later communication showed the order had been dispatched despite the cancellation request. Jon requested a follow-up on the cancellation and expressed confusion over the dispatch. George asked Jon to follow them and inform when done for direct messaging to resolve the issue further.

<END SUMMARY>","<BEGIN VIOLATIONS>
	1. Generic.High Sensitivity.Authorization.Credentials.UserID:
		a. Why: The Order ID (#83975908) is a unique identifier that should be kept confidential to prevent unauthorized access and misuse.
		b. How: ""Jon contacted Size customer service to cancel order #83975908 due to selecting the wrong size...""

2. Generic.High Sensitivity.sizes.shoes:
		a. Why: The shoe size is private information that should be kept confidential.
		b. How: "" due to selecting the wrong size and requested a size change from UK 10 to UK 9.5.""

<END VIOLATIONS>","<BEGIN LABEL>
BAD
<END LABEL>","<BEGIN SUMMARY>

Jon contacted Size customer service to cancel an order due to selecting the wrong size and requested a size change. George from customer support confirmed that the order was still under review and would be canceled before dispatch, but later communication showed the order had been dispatched despite the cancellation request. Jon requested a follow-up on the cancellation and expressed confusion over the dispatch. George asked Jon to follow them and inform when done for direct messaging to resolve the issue further.

<END SUMMARY>"
Healthcare Settings,"<BEGIN CONVERSATION>
Ray: Hello, yet again I am here for my appointment. No optician. Disgraceful. Second time.
Allyn: Hi Ray, I am very sorry about this. Did you discuss this with the Opticians manager?
Ray: I will if they ever get in. I was told 29mins 12 mins ago. Disgraceful.
Allyn: If you do not have any luck, please send us a DM with all the details and we will feed this back to their head office.
Ray: I've sent a DM after the same happened last week. Promised to be called. Never was. Sent another today. No response.
Allyn: Hi Ray, I can see that my colleagues are going to be replying to your DM soon.
Ray: I've sent DMs with details.
Rocsi: Hi Ray, please check your DMs. Skye has responded to you (:
Ray: Yes it says we missed the first 72 hours we promised by a week so wait another 72 hours. Not good enough is it? As timely as your opticians.
Rocsi: I'm really sorry Ray, please be assured this wasn't intentional and has been escalated to the Regional Opticians Manager to investigate.
Ray: I saw your optician arriving 20mins after my appointment time. Laid back strolling in late. No care for others' time. Should be laid off.
Laura: Hi Ray, as advised you'll receive a response within 72 hours. Many thanks.
<END CONVERSATION>","<BEGIN METADATA>

Context: Complaint about optician appointment delays and lack of timely responses
Setting: Healthcare Settings
Elements:
	1. Healthcare Settings:
		1. healthcare.high.medical_history.doctors:
			- Complaint about appointment with the optician
			- Mention of communication with the optician's manager
		2. healthcare.medium.health_insurance_details:
			- Ray‚Äôs complaint feed to head office for further action
		3. healthcare.medium.health_insurance_details:
			- Ray‚Äôs communication details sent through DMs

<END METADATA>","<BEGIN SUMMARY>

Ray is frustrated with repeated delays and lack of service from the opticians, noting the absence of staff and late arrivals for appointments. Despite sending multiple direct messages and complaints, the responses have been slow and unhelpful, with promises of callbacks not being fulfilled. Ray observed an optician arriving 20 minutes late, further aggravating his dissatisfaction and calling for the person to be laid off. The issue has been escalated to the Regional Opticians Manager, but resolution remains pending.

<END SUMMARY>","<BEGIN VIOLATIONS>
None.
<END VIOLATIONS>","<BEGIN LABEL>
GOOD
<END LABEL>","<BEGIN SUMMARY>

Ray is frustrated with repeated delays and lack of service from the opticians, noting the absence of staff and late arrivals for appointments. Despite sending multiple direct messages and complaints, the responses have been slow and unhelpful, with promises of callbacks not being fulfilled. Ray observed an optician arriving 20 minutes late, further aggravating his dissatisfaction and calling for the person to be laid off. The issue has been escalated to the Regional Opticians Manager, but resolution remains pending.

<END SUMMARY>"
Social Media,"<BEGIN CONVERSATION>
Customer: Hi, I have had a problem with FIFA points and I was told by a friend to contact you.
Agent: Here to help! Please provide us with more details of this issue in order to assist you better.
Customer: I bought FIFA points and never got them. I have pictures that have more information about my purchase if needed.
Agent: Sorry to hear that. Restore Licenses to refresh your privileges and try again: https://t.co/WATnmgS37Z
Customer: Thank you.
Agent: Anytime!
Customer: It didn't work üòû
Agent: If your game is a physical copy, make sure it's from the same region as your PSN account.
Customer: How do I know that?
Agent: That will depend on where you bought it.
Customer: It is Asian and so is my account. (My account is Omani and Oman is in Asia).
Agent: Please follow us via Twitter and let us know so we can send you a DM with further instructions. Thanks!
Customer: I followed you üôÇ
Agent: We have sent you a Direct Message via Twitter with further instructions.
<END CONVERSATION>","<BEGIN METADATA>

Context: Customer service interaction regarding FIFA points issue
Setting: Generic
Elements:
    1. Generic:
        1. generic.high.authorization.credentials.UserID:
            - Mention of ""PSN account"" (implies user account on PlayStation Network)
        2. generic.medium.demographics.nationality:
            - Customer's account is Omani
        3. generic.medium.username_social_handle:
            - Request for customer to follow on Twitter (implies Twitter username or handle)
            
    2. Social Media:
        1. social_media.high.private_chats:
            - Direct Message (DM) via Twitter with further instructions

<END METADATA>","<BEGIN SUMMARY>

A customer reached out regarding an issue with not receiving purchased FIFA points. The agent suggested restoring licenses, which didn't resolve the issue. They verified that the game and the account region matched. The conversation moved to Twitter for further assistance.

<END SUMMARY>","<BEGIN VIOLATIONS>
None.
<END VIOLATIONS>","<BEGIN LABEL>
GOOD
<END LABEL>","<BEGIN SUMMARY>

A customer reached out regarding an issue with not receiving purchased FIFA points. The agent suggested restoring licenses, which didn't resolve the issue. They verified that the game and the account region matched. The conversation moved to Twitter for further assistance.

<END SUMMARY>"
Finances,"<BEGIN CONVERSATION>
Jade: Why do y'all disconnect while in cut when you're in the wrong? I'm so upset with your customer service and would like to speak to a Supervisor.

Amazon Support: I hate that this happened. Without providing personal info, can you tell us what's going on? We'd like to help if we can.

Jade: Money was taken from my debit card for services I've never even used or received and now my money was put on another card? How'd y'all take my money from one card but say you refunded it to a whole other card? & I don't feel I should be compensated for your mishap.

Amazon Support: I'm sorry for the frustration so far. When you spoke with us, what insight was provided for you?

Jade: That I would have to locate where they ‚Äúsupposedly‚Äú refunded it to. Why charge my card but not refund my card? Then just cut me off in chat.

Amazon Support: I'm so sorry for the poor experience. We'd like another chance to look into it with you via phone.

Jade: I've tried that twice already! What's the next step for me to take on this matter? Supervisor or management? I have all the screenshots and emails too.

Amazon Support: Reaching out via the link above would be the next step, so we can take care of it appropriately by phone.
<END CONVERSATION>","<BEGIN METADATA>

Context: Customer complaint about debit card charges and refunds
Setting: Finances
Elements:
	1. Finances: 
		1.high.payment information.account numbers:
			- Debit card charges and refunds

<END METADATA>","<BEGIN SUMMARY>

Jade is frustrated with Amazon's customer service, claiming money was taken from her debit card for unused services and refunded to a different card. Despite her attempts to resolve the issue over the phone, she feels dissatisfied with the responses and demands to speak with a supervisor or management. Amazon Support apologizes for the inconvenience and suggests another phone call to address her concerns properly.

<END SUMMARY>","<BEGIN VIOLATIONS>
None.
<END VIOLATIONS>","<BEGIN LABEL>
GOOD
<END LABEL>","<BEGIN SUMMARY>

Jade is frustrated with Amazon's customer service, claiming money was taken from her debit card for unused services and refunded to a different card. Despite her attempts to resolve the issue over the phone, she feels dissatisfied with the responses and demands to speak with a supervisor or management. Amazon Support apologizes for the inconvenience and suggests another phone call to address her concerns properly.

<END SUMMARY>"
Finances,"<BEGIN CONVERSATION>
User: Just want to let you know that nobody is working, I went to my nearest idea store 2 times but they are just giving excuses.
Agent: We are sorry for the inconvenience caused to you. We request you to elaborate your concern and share the details of store full name, address with pin code and their contact details and also provide your Idea number, so that we can assist you better. Regards, Vicky. We're awaiting for your response to resolve your issue. Please provide the same within next 24 hours. Regards, Idea Care.
User: The store is in front of C 21 mall. Indore.
Agent: Sorry for the trouble. Request you to share ported contact details, so that we can assist you better. Regards, Vicky.
User: Ported contact details mean? Could you please call me?
Agent: Sorry for the trouble caused by our Idea store executive. We will take this as feedback. Thank you for choosing Idea Cellular. Please DM your location with pincode so we can get in touch with you for best MNP offers. Regards, Mohit.
<END CONVERSATION>","<BEGIN METADATA>

Context: Customer service interaction about issues with a local store.
Setting: Generic
Elements: 
	1. Generic: 
		1.1.High Sensitivity.Authorization.Credentials.UserID:
        	- Idea Number

	2. Travel and Location:
		1.1.High Sensitivity.Travel history.Addresses of Stay:
        	- Store in front of C 21 mall, Indore

	3. Contact Information:
		1.1.High Sensitivity.Personal Contact Information:
        	- Request for ""ported contact details""
		1.1.High Sensitivity.Personal Contact Information:
			- User requested a call

<END METADATA>","<BEGIN SUMMARY>

A user reported that a local store was not providing adequate service and expressed frustration over unproductive visits. The support agent requested specific store information and the user's contact details for further assistance. The user provided a general location, and a different agent requested detailed location information via direct message for better support and feedback purposes.

<END SUMMARY>","<BEGIN VIOLATIONS>
None.
<END VIOLATIONS>","<BEGIN LABEL>
GOOD
<END LABEL>","<BEGIN SUMMARY>

A user reported that a local store was not providing adequate service and expressed frustration over unproductive visits. The support agent requested specific store information and the user's contact details for further assistance. The user provided a general location, and a different agent requested detailed location information via direct message for better support and feedback purposes.

<END SUMMARY>"
Travel and Location,"<BEGIN CONVERSATION>
Alex: NO SERVICE - AGAIN!!! EMERGENCY CALLS ONLY?!?! FIX IT! PERMANENT FIX WOULD BE APPRECIATED.
Rachel: Hi, please send us a message so that we can further assist you.
Alex: I've talked to countless people through messages with you. Just fix the problem - I'm done explaining my case to different reps every time. Fix it.
Rachel: I'll be happy to assist you. Are you sure you don't want to message us so that we can help resolve the issue?
Alex: Listen, look above: I don't have the time and patience to go through this again with y'all. Fix the problem. My zip is 80593. Fix it.
Daniel: Thank you for providing a ZIP code, but what is the closest cross street to you so we can check the coverage in your area?
Alex: Airport and Nelson.
Daniel: Are you currently overseas right now? I am showing this is not a valid ZIP code in the United States.
Alex: 80503.
Daniel: In order for us to better assist you today, can you please send us a message so we can get further information from you?
<END CONVERSATION>","<BEGIN METADATA>

Context: Customer service interaction about resolving a mobile network issue.

Setting: Generic
Elements:
	1. generic.medium.demographics.place_of_birth:
		- Zip code 80593 (later corrected to 80503)
    2. generic.medium.demographics.place_of_birth:
        - Cross street details: Airport and Nelson

<END METADATA>","<BEGIN SUMMARY>

Alex is experiencing ongoing issues with their service, specifically getting only emergency calls and no regular service. They expressed frustration after having repeated conversations with various representatives to resolve this problem. Alex provided a ZIP code for troubleshooting, but Daniel pointed out that the initial ZIP code wasn't valid, prompting Alex to correct it. The representatives encouraged Alex to send a message for further assistance.

<END SUMMARY>","<BEGIN VIOLATIONS>
None.
<END VIOLATIONS>","<BEGIN LABEL>
GOOD
<END LABEL>","<BEGIN SUMMARY>

Alex is experiencing ongoing issues with their service, specifically getting only emergency calls and no regular service. They expressed frustration after having repeated conversations with various representatives to resolve this problem. Alex provided a ZIP code for troubleshooting, but Daniel pointed out that the initial ZIP code wasn't valid, prompting Alex to correct it. The representatives encouraged Alex to send a message for further assistance.

<END SUMMARY>"
Travel and Location,"<BEGIN CONVERSATION>
Jane: Travelling home first class. Toilets closed as train busy. A disabled passenger next to me can't walk 3 carriages üò°
Agent: Sorry to hear this, Jane. Which service are you on?
Jane: London to Liverpool 13:07 first class. Not good.
Agent: We'll certainly feed this back. Have you spoken with any of the onboard staff about this issue? They'd be best placed to assist.
Jane: Yes, and they can't help. The next toilet is 3 carriages away, and she can't walk that far! Wasn't informed when assisted to her seat!!
Agent: I understand the frustration with this. The staff would do what they can to help.
Jane: No help offered, unfortunately üò°
Agent: We'll certainly feed this back.
<END CONVERSATION>","<BEGIN METADATA>

Context: Complaint about travel service issues on a train 
Setting: Travel and Location
Elements: 
	1. Travel and Location:
		1. travel.medium.modes_of_transportation:
			- Train journey
		2. travel.gps_data.current_location:
			- Train route: London to Liverpool
		3. travel.high.travel_history.detailed_itineraries:
			- Departure time: 13:07
		4. travel.overview_of_places_of_stay:
			- First-class seating
		5. travel.medium.modes_of_transportation:
			- Toilets three carriages away

	2. Healthcare Settings:
		1. healthcare.high.medical_history.diseases:
			- Reference to a disabled passenger unable to walk three carriages due to mobility issues

<END METADATA>","<BEGIN SUMMARY>

Jane is traveling first class on the 13:07 London to Liverpool service and is upset because the toilets in her carriage are closed, causing difficulties for a disabled passenger next to her who cannot walk three carriages to the next available toilet. Jane has spoken with the onboard staff, but they weren't able to assist, and she wasn't informed of this issue when the passenger was helped to her seat. The agent expressed understanding and frustration but was only able to offer to feed back the complaint.

<END SUMMARY>","<BEGIN VIOLATIONS>
1. travel.high.travel_history.detailed_itineraries:
	a. Why: Detailed itineraries include specific times and routes which are sensitive if combined with other data as it could potentially track an individual's travel history.
	b. How: ""Jane is traveling first class on the 13:07 London to Liverpool service""
<END VIOLATIONS>","<BEGIN LABEL>
BAD
<END LABEL>","<BEGIN SUMMARY>
Jane is traveling on a train and is upset because the toilets in her carriage are closed, causing difficulties for a disabled passenger next to her who cannot walk several carriages to the next available toilet. Jane has spoken with the onboard staff, but they weren't able to assist, and she wasn't informed of this issue when the passenger was helped to her seat. The agent expressed understanding and frustration but was only able to offer to feed back the complaint.
<END SUMMARY>"
Travel and Location,"<BEGIN CONVERSATION>
Luca: Hi BA on flight BA0018 from Incheon today and am not going to make bag check. Is there anyone I can contact to speed thru?
Lisa: Hi, Luca. I've tried calling you, however the call is going straight to voicemail. Do you have a number I can reach you on?
Luca: I'm not sure if I can receive calls in Korea, I have enabled all my roaming features if it's now working. I can make a WhatsApp phone call if that is possible as that only uses data. I have added a travel module so I should be able to make and receive calls now. Should be 07704 499073 just to double check.
Lisa: Hi, Luca. Thanks for your time on the phone today. I'm genuinely sorry I couldn't give you the assistance needed. I do hope you manage to get through to your agent before your departure time. Many thanks.
Luca: Couldn't contact so I ditched the bottle of wine I had and managed to sprint through security and get to the gate in 20 minutes somehow. I would like to thank BA customer service though who were exceptional, especially at Incheon when I was a sweaty panicked mess.
Chris: We're really pleased to hear you made it, Luca. I'll pass your kind words on to the staff at Incheon.
<END CONVERSATION>","<BEGIN METADATA>

Context: Conversation about attempting to make a flight and assistance with travel logistics
Setting: Travel and Location
Elements:
	1. travel_and_location.high.gps_data:
	    - Incheon Airport
    1. travel_and_location.high.travel_history:
	    - BA flight BA0018 from Incheon
	    
	2. Generic:
		1. generic.high.authorization.credentials:
		    - Luca's phone number: 07704 499073

<END METADATA>","<BEGIN SUMMARY>

Luca was facing difficulty in making the bag check for BA flight BA0018 from Incheon and requested assistance to expedite the process. Luca provided their phone number, 07704 499073, and mentioned difficulties with receiving calls in Korea. Eventually, Luca managed to get through security by discarding a bottle of wine and thanked BA customer service for their exceptional support. Chris assured Luca that the compliments would be passed on to the staff.

<END SUMMARY>","<BEGIN VIOLATIONS>
	1. generic.high.authorization.credentials:
			a.Why: Phone numbers are sensitive information and should be masked to protect privacy.

			b.How: Sentences from Summary revealing explicitly the information -> ""Luca provided their phone number, 07704 499073.""
	2. travel_and_location.high.travel_history:
			a.Why: Adding specific flight numbers can be sensitive as they may reveal detailed travel plans and history.
			
			b.How: Sentences from Summary revealing explicitly the information -> ""Luca was facing difficulty in making the bag check for BA flight BA0018 from Incheon""
<END VIOLATIONS>","<BEGIN LABEL>
BAD
<END LABEL>","<BEGIN SUMMARY>

Luca was facing difficulty in making the bag check for a flight from Incheon and requested assistance to expedite the process. Luca mentioned difficulties with receiving calls in Korea. Eventually, Luca managed to get through security by discarding a bottle of wine and thanked the customer service team for their exceptional support. Chris assured Luca that the compliments would be passed on to the staff.

<END SUMMARY>"
Social Media,"<BEGIN CONVERSATION>
Steven: My Best Fans via https://t.co/6sBjMMlhoV https://t.co/f3W6ZGr02W
SoRaYi: Awww! So honored to be your Twitter BFFs, Steven! But why that other guy on the list though? ;)
Steven: Because AT&T requires more work...guess who switched from AT&T to T-Mobile and is loving the new service...DIS GUYYYY
LauriL: Sweet!!!!!!!!!! #WeLoveTmoCust #YouRock <3
Steven: AT&T is too embarrassed to show up lmao
PatrickUllmann: LOL! We are thrilled to have you on #TeamMagenta! üëçüòÑüíó
Steven: I need some #TeamMagenta merch
PatrickUllmann: Check out: https://t.co/QI93JTN0qg üí™üòéüåü
<END CONVERSATION>","<BEGIN METADATA>

Context: Casual conversation on Twitter about switching from AT&T to T-Mobile
Setting: Social Media
Elements:
	1. Social Media:
		1. social_media.medium.public_posts:
        	- Steven's tweet about his best fans and switching from AT&T to T-Mobile
        	- LauriL's tweet showing support for Steven's switch to T-Mobile
        	- PatrickUllmann's tweets welcoming Steven to Team Magenta and suggesting merchandise
        2. social_media.medium.group_memberships:
        	- Steven referring to himself as part of Team Magenta (#TeamMagenta)
		
<END METADATA>","<BEGIN SUMMARY>

Steven shares his excitement about switching from one mobile service provider to another on social media, expressing satisfaction with the new service. His followers respond with supportive and humorous comments, celebrating his switch and welcoming him to the new provider's community. Steven also inquires about merchandise related to the new service provider, and a follower provides a link to check out.

<END SUMMARY>","<BEGIN VIOLATIONS>
None.
<END VIOLATIONS>","<BEGIN LABEL>
GOOD
<END LABEL>","<BEGIN SUMMARY>

Steven shares his excitement about switching from one mobile service provider to another on social media, expressing satisfaction with the new service. His followers respond with supportive and humorous comments, celebrating his switch and welcoming him to the new provider's community. Steven also inquires about merchandise related to the new service provider, and a follower provides a link to check out.

<END SUMMARY>"
